{
  "experiment_config": {
    "seed": 42,
    "train_ratio": 0.6,
    "val_ratio": 0.2,
    "test_ratio": 0.2,
    "pca_variance_threshold": 0.95,
    "high_sensitivity_threshold": 0.9
  },
  "dataset_stats": {
    "train": {
      "n_images": 90,
      "n_lesion_pixels": 5790644,
      "n_non_lesion_pixels": 5790644,
      "total_pixels": 11581288,
      "lesion_rgb_mean": [
        176.41705322265625,
        87.80496978759766,
        87.08633422851562
      ],
      "lesion_rgb_std": [
        35.42891311645508,
        35.830482482910156,
        35.61227035522461
      ],
      "non_lesion_rgb_mean": [
        219.46792602539062,
        148.26597595214844,
        156.25088500976562
      ],
      "non_lesion_rgb_std": [
        21.368736267089844,
        25.11084747314453,
        29.173263549804688
      ]
    },
    "validation": {
      "n_images": 30,
      "n_lesion_pixels": 2313869,
      "n_non_lesion_pixels": 5786131,
      "total_pixels": 8100000,
      "lesion_rgb_mean": [
        179.08056640625,
        91.39241027832031,
        90.56987762451172
      ],
      "lesion_rgb_std": [
        31.085189819335938,
        36.29518508911133,
        35.109703063964844
      ],
      "non_lesion_rgb_mean": [
        216.84951782226562,
        144.38818359375,
        158.23545837402344
      ],
      "non_lesion_rgb_std": [
        20.51759910583496,
        27.641971588134766,
        29.654361724853516
      ]
    },
    "test": {
      "n_images": 30,
      "n_lesion_pixels": 2315447,
      "n_non_lesion_pixels": 5784553,
      "total_pixels": 8100000,
      "lesion_rgb_mean": [
        169.97006225585938,
        90.5982437133789,
        90.86046600341797
      ],
      "lesion_rgb_std": [
        41.58505630493164,
        39.97273635864258,
        41.08549118041992
      ],
      "non_lesion_rgb_mean": [
        215.2860107421875,
        147.53866577148438,
        155.30072021484375
      ],
      "non_lesion_rgb_std": [
        20.6099910736084,
        22.92784881591797,
        29.160680770874023
      ]
    }
  },
  "pca_info": {
    "n_components": 2,
    "explained_variance_ratio": [
      0.8859348893165588,
      0.10137782990932465
    ],
    "total_variance_explained": 0.9873127341270447,
    "components": [
      [
        0.5443962216377258,
        0.5973528027534485,
        0.5888993144035339
      ],
      [
        0.835046112537384,
        -0.319339394569397,
        -0.44801828265190125
      ]
    ]
  },
  "roc_analysis": {
    "bayesian_rgb": {
      "method_name": "Bayesiano RGB",
      "auc": 0.9222583775427404,
      "youden": {
        "threshold": -0.06905137132456268,
        "index": 0.6745926175687624,
        "sensitivity": 0.8496790440599705,
        "specificity": 0.824913573508792
      },
      "eer": {
        "threshold": -0.450474145949447,
        "value": 0.16353423610317142,
        "sensitivity": 0.8364578980054619,
        "specificity": 0.8364736297881953
      },
      "high_sensitivity": {
        "feasible": true,
        "threshold": -1.0766632834519487,
        "sensitivity": 0.9000090324906034,
        "specificity": 0.7594924829735102,
        "fpr": 0.24050751702648973,
        "min_sensitivity_required": 0.9
      }
    },
    "bayesian_pca": {
      "method_name": "Bayesiano PCA",
      "auc": 0.909859916822391,
      "youden": {
        "threshold": -0.07338325770724578,
        "index": 0.6573352719782106,
        "sensitivity": 0.7857350610600686,
        "specificity": 0.871600210918142
      },
      "eer": {
        "threshold": -0.41164404026759743,
        "value": 0.17206311500982474,
        "sensitivity": 0.8279414262432315,
        "specificity": 0.827932343737119
      },
      "high_sensitivity": {
        "feasible": true,
        "threshold": -1.2280527145584033,
        "sensitivity": 0.9000060072545162,
        "specificity": 0.7093256270900192,
        "fpr": 0.29067437290998077,
        "min_sensitivity_required": 0.9
      }
    }
  },
  "metrics_comparison": {
    "methods": [
      "Bayesiano RGB",
      "Bayesiano PCA",
      "K-Means"
    ],
    "accuracy": {
      "values": [
        0.8449896296296296,
        0.8456045679012346,
        0.9261301234567901
      ],
      "best_method": "K-Means",
      "best_value": 0.9261301234567901,
      "worst_method": "Bayesiano RGB",
      "worst_value": 0.8449896296296296,
      "mean": 0.8722414403292181,
      "std": 0.038105880247781256
    },
    "precision": {
      "values": [
        0.7193191783821009,
        0.721741422868076,
        0.948052924019182
      ],
      "best_method": "K-Means",
      "best_value": 0.948052924019182,
      "worst_method": "Bayesiano RGB",
      "worst_value": 0.7193191783821009,
      "mean": 0.7963711750897863,
      "std": 0.10725975180466539
    },
    "sensitivity": {
      "values": [
        0.7506369180551314,
        0.7484382065320433,
        0.7845746415271004
      ],
      "best_method": "K-Means",
      "best_value": 0.7845746415271004,
      "worst_method": "Bayesiano PCA",
      "worst_value": 0.7484382065320433,
      "mean": 0.7612165887047584,
      "std": 0.016541010787916016
    },
    "specificity": {
      "values": [
        0.8827572329270732,
        0.8844984219178215,
        0.9827921016541814
      ],
      "best_method": "K-Means",
      "best_value": 0.9827921016541814,
      "worst_method": "Bayesiano RGB",
      "worst_value": 0.8827572329270732,
      "mean": 0.9166825854996921,
      "std": 0.04675189143703811
    },
    "f1_score": {
      "values": [
        0.734644432484264,
        0.7348474230933751,
        0.8586014649185378
      ],
      "best_method": "K-Means",
      "best_value": 0.8586014649185378,
      "worst_method": "Bayesiano RGB",
      "worst_value": 0.734644432484264,
      "mean": 0.776031106832059,
      "std": 0.05838611893931555
    }
  },
  "classifier_parameters": {
    "bayesian_rgb": {
      "mu_lesion": [
        -0.5468131303787231,
        -0.7027965188026428,
        -0.7264065146446228
      ],
      "sigma_lesion": [
        [
          1.0337293074889218,
          0.6471142597709526,
          0.5541222241406468
        ],
        [
          0.6471142597709526,
          0.6789689797185767,
          0.583276411352345
        ],
        [
          0.5541222241406468,
          0.583276411352345,
          0.5648172102903865
        ]
      ],
      "mu_non_lesion": [
        0.5477914214134216,
        0.7035776972770691,
        0.7243742942810059
      ],
      "sigma_non_lesion": [
        [
          0.3677478539070127,
          0.14652366267303443,
          0.13214367126934293
        ],
        [
          0.14652366267303443,
          0.3347313888019419,
          0.3162389389394405
        ],
        [
          0.13214367126934293,
          0.3162389389394405,
          0.3807889345931534
        ]
      ],
      "prior_lesion": 0.5,
      "prior_non_lesion": 0.5,
      "feature_dim": 3
    },
    "bayesian_pca": {
      "mu_lesion": [
        -1.1451364755630493,
        0.09199613332748413
      ],
      "sigma_lesion": [
        [
          1.9310668225733212,
          0.2732372479645166
        ],
        [
          0.2732372479645166,
          0.31059517214978843
        ]
      ],
      "mu_non_lesion": [
        1.1453841924667358,
        -0.09349232167005539
      ],
      "sigma_non_lesion": [
        [
          0.7630097995130548,
          -0.060878760501841135
        ],
        [
          -0.060878760501841135,
          0.2804680595047198
        ]
      ],
      "prior_lesion": 0.5,
      "prior_non_lesion": 0.5,
      "feature_dim": 2
    }
  }
}