{
  "experiment_config": {
    "seed": 42,
    "train_ratio": 0.6,
    "val_ratio": 0.2,
    "test_ratio": 0.2,
    "pca_variance_threshold": 0.95,
    "high_sensitivity_threshold": 0.9
  },
  "dataset_stats": {
    "train": {
      "n_images": 90,
      "n_lesion_pixels": 5790644,
      "n_non_lesion_pixels": 5790644,
      "total_pixels": 11581288,
      "lesion_rgb_mean": [
        176.41705322265625,
        87.80496978759766,
        87.08633422851562
      ],
      "lesion_rgb_std": [
        35.42891311645508,
        35.830482482910156,
        35.61227035522461
      ],
      "non_lesion_rgb_mean": [
        219.46792602539062,
        148.26597595214844,
        156.25088500976562
      ],
      "non_lesion_rgb_std": [
        21.368736267089844,
        25.11084747314453,
        29.173263549804688
      ]
    },
    "validation": {
      "n_images": 30,
      "n_lesion_pixels": 2313869,
      "n_non_lesion_pixels": 5786131,
      "total_pixels": 8100000,
      "lesion_rgb_mean": [
        179.08056640625,
        91.39241027832031,
        90.56987762451172
      ],
      "lesion_rgb_std": [
        31.085189819335938,
        36.29518508911133,
        35.109703063964844
      ],
      "non_lesion_rgb_mean": [
        216.84951782226562,
        144.38818359375,
        158.23545837402344
      ],
      "non_lesion_rgb_std": [
        20.51759910583496,
        27.641971588134766,
        29.654361724853516
      ]
    },
    "test": {
      "n_images": 30,
      "n_lesion_pixels": 2315447,
      "n_non_lesion_pixels": 5784553,
      "total_pixels": 8100000,
      "lesion_rgb_mean": [
        169.97006225585938,
        90.5982437133789,
        90.86046600341797
      ],
      "lesion_rgb_std": [
        41.58505630493164,
        39.97273635864258,
        41.08549118041992
      ],
      "non_lesion_rgb_mean": [
        215.2860107421875,
        147.53866577148438,
        155.30072021484375
      ],
      "non_lesion_rgb_std": [
        20.6099910736084,
        22.92784881591797,
        29.160680770874023
      ]
    }
  },
  "pca_info": {
    "n_components": 2,
    "explained_variance_ratio": [
      0.8859348893165588,
      0.10137782990932465
    ],
    "total_variance_explained": 0.9873127341270447,
    "components": [
      [
        0.5443962216377258,
        0.5973528027534485,
        0.5888993144035339
      ],
      [
        0.835046112537384,
        -0.319339394569397,
        -0.44801828265190125
      ]
    ]
  },
  "roc_analysis": {
    "bayesian_rgb": {
      "method_name": "Bayesiano RGB",
      "auc": 0.916421137312633,
      "youden": {
        "threshold": -0.08135870852935595,
        "index": 0.6541676415690991,
        "sensitivity": 0.7837984777876362,
        "specificity": 0.870369163781463
      },
      "eer": {
        "threshold": -0.9459560093653256,
        "value": 0.17331251053578106,
        "sensitivity": 0.8266850889138495,
        "specificity": 0.8266898900145884
      },
      "high_sensitivity": {
        "feasible": true,
        "threshold": -2.5702606554538487,
        "sensitivity": 0.9000401492046438,
        "specificity": 0.733728116421837,
        "fpr": 0.266271883578163,
        "min_sensitivity_required": 0.9
      }
    },
    "bayesian_pca": {
      "method_name": "Bayesiano PCA",
      "auc": 0.9152667553070641,
      "youden": {
        "threshold": -0.015783270515786804,
        "index": 0.6551249538162329,
        "sensitivity": 0.7886898523641572,
        "specificity": 0.8664351014520757
      },
      "eer": {
        "threshold": -0.3631583545260467,
        "value": 0.1727845866593294,
        "sensitivity": 0.8272153695822884,
        "specificity": 0.8272154570990529
      },
      "high_sensitivity": {
        "feasible": true,
        "threshold": -1.0620320090246498,
        "sensitivity": 0.9000086003140195,
        "specificity": 0.7304195152166448,
        "fpr": 0.2695804847833552,
        "min_sensitivity_required": 0.9
      }
    }
  },
  "metrics_comparison": {
    "methods": [
      "Bayesiano RGB",
      "Bayesiano PCA",
      "K-Means"
    ],
    "accuracy": {
      "values": [
        0.28585765432098764,
        0.28585765432098764,
        0.9261301234567901
      ],
      "best_method": "K-Means",
      "best_value": 0.9261301234567901,
      "worst_method": "Bayesiano RGB",
      "worst_value": 0.28585765432098764,
      "mean": 0.4992818106995885,
      "std": 0.3018273364886536
    },
    "precision": {
      "values": [
        0.28585765432098764,
        0.28585765432098764,
        0.948052924019182
      ],
      "best_method": "K-Means",
      "best_value": 0.948052924019182,
      "worst_method": "Bayesiano RGB",
      "worst_value": 0.28585765432098764,
      "mean": 0.5065894108870524,
      "std": 0.31216184378216527
    },
    "sensitivity": {
      "values": [
        1.0,
        1.0,
        0.7845746415271004
      ],
      "best_method": "Bayesiano RGB",
      "best_value": 1.0,
      "worst_method": "K-Means",
      "worst_value": 0.7845746415271004,
      "mean": 0.9281915471757002,
      "std": 0.10155248787715343
    },
    "specificity": {
      "values": [
        0.0,
        0.0,
        0.9827921016541814
      ],
      "best_method": "K-Means",
      "best_value": 0.9827921016541814,
      "worst_method": "Bayesiano RGB",
      "worst_value": 0.0,
      "mean": 0.3275973672180605,
      "std": 0.4632926397175003
    },
    "f1_score": {
      "values": [
        0.4446178833841562,
        0.4446178833841562,
        0.8586014649185378
      ],
      "best_method": "K-Means",
      "best_value": 0.8586014649185378,
      "worst_method": "Bayesiano RGB",
      "worst_value": 0.4446178833841562,
      "mean": 0.5826124105622834,
      "std": 0.19515373186857018
    }
  },
  "classifier_parameters": {
    "bayesian_rgb": {
      "mu_lesion": [
        -0.5468131303787231,
        -0.7027965188026428,
        -0.7264065146446228
      ],
      "sigma_lesion": [
        [
          1.0337293074889218,
          0.6471142597709526,
          0.5541222241406468
        ],
        [
          0.6471142597709526,
          0.6789689797185767,
          0.583276411352345
        ],
        [
          0.5541222241406468,
          0.583276411352345,
          0.5648172102903865
        ]
      ],
      "mu_non_lesion": [
        0.5477914214134216,
        0.7035776972770691,
        0.7243742942810059
      ],
      "sigma_non_lesion": [
        [
          0.3677478539070127,
          0.14652366267303443,
          0.13214367126934293
        ],
        [
          0.14652366267303443,
          0.3347313888019419,
          0.3162389389394405
        ],
        [
          0.13214367126934293,
          0.3162389389394405,
          0.3807889345931534
        ]
      ],
      "prior_lesion": 0.5,
      "prior_non_lesion": 0.5,
      "feature_dim": 3
    },
    "bayesian_pca": {
      "mu_lesion": [
        -1.1451364755630493,
        0.09199613332748413
      ],
      "sigma_lesion": [
        [
          1.9310668225733212,
          0.2732372479645166
        ],
        [
          0.2732372479645166,
          0.31059517214978843
        ]
      ],
      "mu_non_lesion": [
        1.1453841924667358,
        -0.09349232167005539
      ],
      "sigma_non_lesion": [
        [
          0.7630097995130548,
          -0.060878760501841135
        ],
        [
          -0.060878760501841135,
          0.2804680595047198
        ]
      ],
      "prior_lesion": 0.5,
      "prior_non_lesion": 0.5,
      "feature_dim": 2
    }
  }
}