{
  "image_name": "ISIC_0024306.jpg",
  "timestamp": "20250916_162121",
  "classifier": "Bayesiano RGB",
  "threshold_criterion": "Youden",
  "statistics": {
    "total_pixels": 270000,
    "lesion_pixels": 70400,
    "non_lesion_pixels": 199600,
    "lesion_percentage": 26.074074074074073,
    "mean_score_lesion": 37.05150353995645,
    "mean_score_non_lesion": -19.719246552005746,
    "threshold": -0.5630556438661235
  },
  "comparison_metrics": {
    "accuracy": 0.9144407407407408,
    "precision": 0.9932386363636364,
    "sensitivity": 0.7555349058336664,
    "specificity": 0.9973175693571746,
    "jaccard": 0.7516689062080086,
    "tp": 69924,
    "tn": 176975,
    "fp": 476,
    "fn": 22625
  }
}